ID,NAME,POS,DATEOFBIRTH,PLACEOFBIRTH,AGE,DATEOFDEATH,NATIONALITY,HEIGHT,WEIGHT,URL,STATUS
1,Pele,FW,"October 23, 1940","Tres Coracões ",85,"December 29, 2022",Brazil,1m72,67,https://www.footballdatabase.eu/en/player/details/16333--pele,SUCCESS
2,Cristiano Ronaldo,FW,"February 05, 1985","Funchal ",40,,Portugal,1m85,83,https://www.footballdatabase.eu/en/player/details/2058-cristiano-ronaldo,SUCCESS
3,Lionel Messi,FW,"June 24, 1987","Rosario ",38,,Argentina,1m70,67,https://www.footballdatabase.eu/en/player/details/10973-lionel-messi,SUCCESS
4,Diego Armando Maradona,MF,"October 30, 1960","Lanús ",65,"November 25, 2020",Argentina,1m68,73,https://www.footballdatabase.eu/en/player/details/9105-diego_armando-maradona,SUCCESS
5,Franz Beckenbauer,DF,"September 11, 1945","Munich ",80,"January 07, 2024",Germany,1m81,75,https://www.footballdatabase.eu/en/player/details/16419-franz-beckenbauer,SUCCESS
6,Michel Platini,MF,"June 21, 1955","Joeuf ",70,,France,1m78,71,https://www.footballdatabase.eu/en/player/details/15257-michel-platini,SUCCESS
7,Johan Cruijff,FW,"April 25, 1947","Amsterdam ",78,"March 24, 2016",Netherlands,1m78,71,https://www.footballdatabase.eu/en/player/details/14579-johan-cruijff,SUCCESS
8,Ronaldo,FW,"September 22, 1976","Rio de Janeiro ",49,,Brazil,1m83,82,https://www.footballdatabase.eu/en/player/details/424--ronaldo,SUCCESS
9,Marco van Basten,FW,"October 31, 1964","Utrecht ",61,,Netherlands,1m86,80,https://www.footballdatabase.eu/en/player/details/9107-marco-van_basten,SUCCESS
10,Eusebio,FW,"January 25, 1942","Lourenço Marques ",83,"January 05, 2014",Portugal,1m75,73,https://www.footballdatabase.eu/en/player/details/14555--eusebio,SUCCESS
11,Gerd Muller,FW,"November 03, 1945","Nördlingen ",80,"August 15, 2021",Germany,1m76,74,https://www.footballdatabase.eu/en/player/details/16420-gerd-muller,SUCCESS
12,Bobby Charlton,MF,"October 11, 1937","Ashington ",88,"October 21, 2023",England,1m75,68,https://www.footballdatabase.eu/en/player/details/16423-bobby-charlton,SUCCESS
13,Karl-Heinz Rummenigge,FW,"September 25, 1955","Lippstadt ",70,,Germany,1m82,78,https://www.footballdatabase.eu/en/player/details/16418-karlheinz-rummenigge,SUCCESS
14,Zinedine Zidane,MF,"June 23, 1972","Marseille 16e ",53,,France,1m80,74,https://www.footballdatabase.eu/en/player/details/12-zinedine-zidane,SUCCESS
15,Luisito Suarez,MF,"February 01, 1962","São Paulo ",63,,Brazil,,,https://www.footballdatabase.eu/en/player/details/286599--luis_dos_reis,"FAILEDCould not find the user-interface (UI) element for this action."
16,Lothar Matthaus,MF,,,,,,,,https://www.footballdatabase.eu/en/player/details/3254-lothar-matthaus,FAILEDThere is no row at position 1.
17,Ruud Gullit,MF,"September 01, 1962","Amsterdam ",63,,Netherlands,1m86,83,https://www.footballdatabase.eu/en/player/details/4774-ruud-gullit,SUCCESS
18,Lev Yashin,GK,"October 22, 1929","Moscow ",96,"March 20, 1990",Russia,1m89,83,https://www.footballdatabase.eu/en/player/details/16425-lev-yashin,SUCCESS
19,Andriy Shevchenko,FW,,,,,,,,https://www.footballdatabase.eu/en/player/details/3-andriy-shevchenko,FAILEDThere is no row at position 1.
20,Raymond Kopa,MF,"October 13, 1931","Nœux-les-Mines ",94,"March 03, 2017",France,1m69,68,https://www.footballdatabase.eu/en/player/details/16430-raymond-kopa,SUCCESS
21,Gianni Rivera,MF,"August 18, 1943","Alessandria ",82,,Italy,1m75,68,https://www.footballdatabase.eu/en/player/details/16421-gianni-rivera,SUCCESS
22,Bobby Moore,DF,"April 12, 1941","Barking ",84,"February 24, 1993",England,1m78,,https://www.footballdatabase.eu/en/player/details/16554-bobby-moore,SUCCESS
23,Franco Baresi,DF,,,,,,,,https://www.footballdatabase.eu/en/player/details/9098-franco-baresi,FAILEDThere is no row at position 1.
24,Rivaldo,MF,"April 19, 1972","Recife ",53,,Brazil,1m86,75,https://www.footballdatabase.eu/en/player/details/423--rivaldo,SUCCESS
25,Luis Figo,MF,"November 04, 1972","Almada ",53,,Portugal,1m80,75,https://www.footballdatabase.eu/en/player/details/1664-luis-figo,SUCCESS
26,Florian Albert,FW,"September 15, 1941","Hercegszántó ",84,"October 31, 2011",Hungary,1m81,72,https://www.footballdatabase.eu/en/player/details/16422-florian-albert,SUCCESS
27,Denis Law,FW,"February 24, 1940","Aberdeen ",85,"January 17, 2025",Scotland,1m76,69,https://www.footballdatabase.eu/en/player/details/16424-denis-law,SUCCESS
28,Michael Owen,FW,"December 14, 1979","Chester ",46,,England,1m73,70,https://www.footballdatabase.eu/en/player/details/1258-michael-owen,SUCCESS
29,Roberto Baggio,FW,"February 18, 1967","Caldogno ",58,,Italy,1m74,72,https://www.footballdatabase.eu/en/player/details/2306-roberto-baggio,SUCCESS
30,Robert Lewandowski,FW,"August 21, 1988","Warsaw ",37,,Poland,1m84,78,https://www.footballdatabase.eu/en/player/details/43411-robert-lewandowski,SUCCESS
31,Hristo Stoichkov,FW,,,,,,,,https://www.footballdatabase.eu/en/player/details/6112-hristo-stoichkov,FAILEDThere is no row at position 1.
32,Ferenc Puskas,FW,"April 02, 1927","Budapest ",98,"November 17, 2006",Hungary,1m72,75,https://www.footballdatabase.eu/en/player/details/17442-ferenc-puskas,SUCCESS
33,Ronaldinho,MF,"March 21, 1980","Porto Alegre ",45,,Brazil,1m81,80,https://www.footballdatabase.eu/en/player/details/27--ronaldinho,SUCCESS
34,Paolo Rossi,FW,"September 23, 1956","Prato ",69,"December 09, 2020",Italy,1m77,66,https://www.footballdatabase.eu/en/player/details/16417-paolo-rossi,SUCCESS
35,Kaka,MF,"April 22, 1982","Brasília ",43,,Brazil,1m86,73,https://www.footballdatabase.eu/en/player/details/1638--kaka,SUCCESS
36,Luka Modric,MF,"September 09, 1985","Zadar ",40,,Croatia,1m74,65,https://www.footballdatabase.eu/en/player/details/14377-luka-modric,SUCCESS
37,Alfredo Di Stefano,FW,"July 04, 1926","Buenos Aires ",99,"July 07, 2014",Spain,1m78,71,https://www.footballdatabase.eu/en/player/details/16429-alfredo-di_stefano,SUCCESS
38,Pavel Nedved,MF,"August 30, 1972","Cheb ",53,,Czech,1m77,70,https://www.footballdatabase.eu/en/player/details/1593-pavel-nedved,SUCCESS
39,Jean-Pierre Papin,FW,"November 05, 1963","Boulogne-sur-Mer ",62,,France,1m77,78,https://www.footballdatabase.eu/en/player/details/3847-jeanpierre-papin,SUCCESS
40,Oleg Blokhin,FW,"November 05, 1952","Kyiv ",73,,Ukraine,1m80,75,https://www.footballdatabase.eu/en/player/details/8092-oleh-blokhin,SUCCESS
41,Garrincha,FW,"October 28, 1933","Pau Grande ",92,"January 20, 1983",Brazil,1m69,72,https://www.footballdatabase.eu/en/player/details/36173--garrincha,SUCCESS
42,Kevin Keegan,FW,"February 14, 1951","Armthorpe ",74,,England,1m70,67,https://www.footballdatabase.eu/en/player/details/2574-kevin-keegan,SUCCESS
43,George Best,MF,"May 22, 1946","Belfast ",79,"November 25, 2005",Northern,1m75,69,https://www.footballdatabase.eu/en/player/details/13301-george-best,SUCCESS
44,Allan Simonsen,FW,"December 15, 1952","Copenhagen ",73,,Denmark,1m65,58,https://www.footballdatabase.eu/en/player/details/3672-allan-simonsen,SUCCESS
45,Omar Sivori,FW,"October 02, 1935","Buenos Aires ",90,"February 17, 2005",Italy,1m71,70,https://www.footballdatabase.eu/en/player/details/16427-omar-sivori,SUCCESS
46,Josef Masopust,MF,"February 09, 1931","Strimice ",94,"June 29, 2015",Czech,1m74,66,https://www.footballdatabase.eu/en/player/details/16426-jozef-masopust,SUCCESS
47,Matthias Sammer,MF,,,,,,,,https://www.footballdatabase.eu/en/player/details/2724-matthias-sammer,FAILEDThere is no row at position 1.
48,Fabio Cannavaro,DF,"September 13, 1973","Naples ",52,,Italy,1m75,72,https://www.footballdatabase.eu/en/player/details/1568-fabio-cannavaro,SUCCESS
49,Romario,FW,"January 29, 1966","Rio de Janeiro ",59,,Brazil,1m68,70,https://www.footballdatabase.eu/en/player/details/7205--romario,SUCCESS
50,Mario Kempes,FW,"July 15, 1954","Bell Ville ",71,,Argentina,1m82,80,https://www.footballdatabase.eu/en/player/details/16437-mario-kempes,SUCCESS
51,Zico,MF,,,,,,,,https://www.footballdatabase.eu/en/player/details/5297--zico,FAILEDThere is no row at position 1.
52,George Weah,FW,"October 01, 1966","Monrovia ",59,,Liberia,1m84,82,https://www.footballdatabase.eu/en/player/details/1289-george-weah,SUCCESS
53,Stanley Matthews,FW,"February 01, 1915","Hanley ",110,"February 23, 2000",England,1m74,71,https://www.footballdatabase.eu/en/player/details/16431-stanley-matthews,SUCCESS
54,Igor Belanov,MF,"September 25, 1960","Odesa ",65,,Ukraine,1m74,68,https://www.footballdatabase.eu/en/player/details/16416-igor-belanov,SUCCESS
55,Paolo Maldini,DF,"June 26, 1968","Milan ",57,,Italy,1m85,77,https://www.footballdatabase.eu/en/player/details/1637-paolo-maldini,SUCCESS
56,Jurgen Klinsmann,FW,"July 30, 1964","Göppingen ",61,,Germany,1m85,80,https://www.footballdatabase.eu/en/player/details/9104-jurgen-klinsmann,SUCCESS
57,Kenny Dalglish,FW,,,,,,,,https://www.footballdatabase.eu/en/player/details/16566-kenny-dalglish,FAILEDThere is no row at position 1.
58,David Beckham,MF,"May 02, 1975","London ",50,,England,1m82,74,https://www.footballdatabase.eu/en/player/details/878-david-beckham,SUCCESS
59,Thierry Henry,FW,"August 17, 1977","Les Ulis ",48,,France,1m88,83,https://www.footballdatabase.eu/en/player/details/5-thierry-henry,SUCCESS
60,Andres Iniesta,MF,"May 11, 1984","Fuentealbilla ",41,,Spain,1m70,65,https://www.footballdatabase.eu/en/player/details/1790-andres-iniesta,SUCCESS
61,Dino Zoff,GK,"February 28, 1942","Mariano del Friuli - GO ",83,,Italy,1m82,78,https://www.footballdatabase.eu/en/player/details/11522-dino-zoff,SUCCESS
62,John Charles,DF,"December 27, 1931","Swansea ",94,"February 21, 2004",Wales,1m88,90,https://www.footballdatabase.eu/en/player/details/51498-john-charles,SUCCESS
63,Raul,FW,"June 27, 1977","Madrid ",48,,Spain,1m80,73,https://www.footballdatabase.eu/en/player/details/14--raul,SUCCESS
64,Gianluigi Buffon,GK,"January 28, 1978","Carrara ",47,,Italy,1m91,83,https://www.footballdatabase.eu/en/player/details/1591-gianluigi-buffon,SUCCESS
65,Roberto Carlos,DF,,,,,,,,https://www.footballdatabase.eu/en/player/details/419--roberto_carlos,FAILEDThere is no row at position 1.
66,Gabriel Batistuta,FW,"February 01, 1969","Reconquista ",56,,Argentina,1m85,73,https://www.footballdatabase.eu/en/player/details/863-gabriel-batistuta,SUCCESS
67,Giacinto Facchetti,DF,"July 18, 1942","Treviglio ",83,"September 04, 2006",Italy,1m88,85,https://www.footballdatabase.eu/en/player/details/16990-giacinto-facchetti,SUCCESS
68,Gheorghe Hagi,MF,,,,,,,,https://www.footballdatabase.eu/en/player/details/7738-gheorghe-hagi,FAILEDThere is no row at position 1.
69,Frank Lampard,MF,,,,,,,,https://www.footballdatabase.eu/en/player/details/2116-frank-lampard,FAILEDThere is no row at position 1.
70,Gary Lineker,FW,"November 30, 1960","Leicester ",65,,England,1m76,74,https://www.footballdatabase.eu/en/player/details/15868-gary-lineker,SUCCESS
71,Paul Breitner,DF,"September 05, 1951","Kolbermoor ",74,,Germany,1m76,73,https://www.footballdatabase.eu/en/player/details/16663-paul-breitner,SUCCESS
72,Ian Rush,FW,,,,,,,,https://www.footballdatabase.eu/en/player/details/16465-ian-rush,FAILEDThere is no row at position 1.
73,Dennis Bergkamp,FW,"May 10, 1969","Amsterdam ",56,,Netherlands,1m85,80,https://www.footballdatabase.eu/en/player/details/2155-dennis-bergkamp,SUCCESS
74,Preben Elkjaer,FW,"September 11, 1957","Frederiksberg ",68,,Denmark,1m82,74,https://www.footballdatabase.eu/en/player/details/16435-preben-elkjaer_larsen,SUCCESS
75,Eric Cantona,FW,"May 24, 1966","Marseilles ",59,,France,1m86,81,https://www.footballdatabase.eu/en/player/details/9102-eric-cantona,SUCCESS
76,Deco,MF,"August 27, 1977","São Bernardo do Campo ",48,,Portugal,1m77,73,https://www.footballdatabase.eu/en/player/details/2513--deco,SUCCESS
77,Gordon Banks,GK,"December 30, 1937","Sheffield ",88,"February 12, 2019",England,1m82,82,https://www.footballdatabase.eu/en/player/details/16560-gordon-banks,SUCCESS
78,Davor Suker,FW,"January 01, 1968","Osijek ",57,,Croatia,1m83,77,https://www.footballdatabase.eu/en/player/details/5402-davor-suker,SUCCESS
79,Rob Rensenbrink,MF,"July 03, 1947","Amsterdam ",78,"January 24, 2020",Netherlands,1m78,76,https://www.footballdatabase.eu/en/player/details/16492-robby-rensenbrink,SUCCESS
80,Bernd Schuster,MF,"December 22, 1959","Augsburg ",66,,Germany,1m81,74,https://www.footballdatabase.eu/en/player/details/8567-bernd-schuster,SUCCESS
81,Luigi Riva,FW,"November 07, 1944","Leggiuno ",81,"January 22, 2024",Italy,1m80,78,https://www.footballdatabase.eu/en/player/details/32399-luigi-riva,SUCCESS
82,Gunter Netzer,MF,"September 14, 1944","Mönchengladbach ",81,,Germany,1m78,75,https://www.footballdatabase.eu/en/player/details/16661-gunter-netzer,SUCCESS
83,Alessandro Mazzola,MF,"June 15, 1969","Varese ",56,,Italy,1m81,74,https://www.footballdatabase.eu/en/player/details/24380-alessandro-mazzola,SUCCESS
84,Alain Giresse,MF,"August 02, 1952","Langoiran ",73,,France,1m63,60,https://www.footballdatabase.eu/en/player/details/4343-alain-giresse,SUCCESS
85,Hans Krankl,FW,"February 14, 1953","Vienna ",72,,Austria,1m82,77,https://www.footballdatabase.eu/en/player/details/16460-hans-krankl,SUCCESS
86,Helmut Rahn,FW,"August 16, 1929","Essen ",96,"August 14, 2003",Germany,,,https://www.footballdatabase.eu/en/player/details/44646-helmut-rahn,SUCCESS
87,Dejan Savicevic,MF,,,,,,,,https://www.footballdatabase.eu/en/player/details/3039-dejan-savicevic,FAILEDThere is no row at position 1.
88,Paulo Futre,MF,"February 28, 1966","Montijo ",59,,Portugal,1m75,72,https://www.footballdatabase.eu/en/player/details/15833-paulo-futre,SUCCESS
89,Predrag Mijatovic,FW,"January 19, 1969","Podgorica ",56,,Montenegro,1m77,73,https://www.footballdatabase.eu/en/player/details/5385-predrag-mijatovic,SUCCESS
90,Jean Tigana,MF,"June 23, 1955","Bamako ",70,,France,1m72,63,https://www.footballdatabase.eu/en/player/details/2241-jean-tigana,SUCCESS
91,Jairzinho,MF,"December 25, 1944","Duque de Caxias ",81,,Brazil,1m80,78,https://www.footballdatabase.eu/en/player/details/6116--jairzinho,SUCCESS
92,Rivelino,MF,"January 01, 1946","São Paulo ",79,,Brazil,1m75,70,https://www.footballdatabase.eu/en/player/details/36182-roberto-rivellino,SUCCESS
93,Giuseppe Meazza,FW,"August 23, 1910","Milan ",115,"August 21, 1979",Italy,1m69,,https://www.footballdatabase.eu/en/player/details/41236-giuseppe-meazza,SUCCESS
94,Didi,MF,"October 08, 1928","Campos dos Goytacazes ",97,"May 12, 2001",Brazil,1m70,59,https://www.footballdatabase.eu/en/player/details/36175--didi,SUCCESS
95,Billy Wright,DF,"February 06, 1924","Ironbridge ",101,"September 03, 1994",England,,,https://www.footballdatabase.eu/en/player/details/16543-billy-wright,SUCCESS
96,Salvatore Schillaci,FW,"December 01, 1964","Palermo ",61,"September 18, 2024",Italy,1m75,70,https://www.footballdatabase.eu/en/player/details/16433-salvatore-schillaci,SUCCESS
97,Darko Pancev,FW,"September 07, 1965","Skopje ",60,,North,1m80,77,https://www.footballdatabase.eu/en/player/details/16468-darko-pancev,SUCCESS
98,Xavi,MF,"January 25, 1980","Terrassa ",45,,Spain,1m70,68,https://www.footballdatabase.eu/en/player/details/394--xavi,SUCCESS
99,Neymar,FW,"February 05, 1992","Mogi das Cruzes ",33,,Brazil,1m75,68,https://www.footballdatabase.eu/en/player/details/62381--neymar,SUCCESS
100,Michael Laudrup,MF,"June 15, 1964","Frederiksberg ",61,,Denmark,1m82,82,https://www.footballdatabase.eu/en/player/details/5031-michael-laudrup,SUCCESS
101,Zbigniew Boniek,MF,"March 03, 1956","Bydgoszcz ",69,,Poland,1m82,76,https://www.footballdatabase.eu/en/player/details/6678-zbigniew-boniek,SUCCESS
102,Dragan Dzajic,MF,,,,,,,,,
103,Steven Gerrard,MF,,,,,,,,,
104,Alan Shearer,FW,,,,,,,,,
105,Manuel Neuer,GK,,,,,,,,,
106,Peter Schmeichel,GK,,,,,,,,,
107,Ruud Krol,DF,,,,,,,,,
108,Fernando Torres,FW,,,,,,,,,
109,Jimmy Greaves,FW,,,,,,,,,
110,Franck Ribery,MF,,,,,,,,,
111,Uwe Seeler,FW,,,,,,,,,
112,Kazimierz Deyna,MF,,,,,,,,,
113,Frank Rijkaard,MF,,,,,,,,,
114,Oliver Kahn,GK,,,,,,,,,
115,Karl-Heinz Schnellinger,DF,,,,,,,,,
116,Just Fontaine,FW,,,,,,,,,
117,Amancio Amaro,MF,,,,,,,,,
118,Emilio Butragueno,FW,,,,,,,,,
119,Antoine Griezmann,FW,,,,,,,,,
120,Andreas Brehme,DF,,,,,,,,,
121,Paul Gascoigne,MF,,,,,,,,,
122,Ivo Viktor,GK,,,,,,,,,
123,Johnny Haynes,FW,,,,,,,,,
124,Roger Milla,FW,,,,,,,,,
125,Jari Litmanen,MF,,,,,,,,,
126,Duncan Edwards,MF,,,,,,,,,
127,Jimmy Johnstone,FW,,,,,,,,,
128,Jose Luis Chilavert,GK,,,,,,,,,
129,Claudio Caniggia,FW,,,,,,,,,
130,Tostao,FW,,,,,,,,,
131,Tom Finney,FW,,,,,,,,,
132,Ryan Giggs,MF,,,,,,,,,
133,Wayne Rooney,FW,,,,,,,,,
134,Didier Drogba,FW,,,,,,,,,
135,Zlatan Ibrahimovic,FW,,,,,,,,,
136,Samuel Eto'o,FW,,,,,,,,,
137,Iker Casillas,GK,,,,,,,,,
138,Karim Benzema,FW,,,,,,,,,
139,Alessandro Del Piero,FW,,,,,,,,,
140,Sergio Ramos,DF,,,,,,,,,
141,Rinat Dasayev,GK,,,,,,,,,
142,Sergio Aguero,FW,,,,,,,,,
143,Luis Suarez,FW,,,,,,,,,
144,Ruud van Nistelrooy,FW,,,,,,,,,
145,Francisco Gento,FW,,,,,,,,,
146,Arjen Robben,FW,,,,,,,,,
147,Cesc Fabregas,MF,,,,,,,,,
148,Kevin De Bruyne,MF,,,,,,,,,
149,Thomas Muller,FW,,,,,,,,,
150,Yaya Toure,MF,,,,,,,,,
151,Paul Scholes,MF,,,,,,,,,
152,Patrick Vieira,MF,,,,,,,,,
153,Marcel Desailly,DF,,,,,,,,,
154,David Villa,FW,,,,,,,,,
155,Lilian Thuram,DF,,,,,,,,,
156,Francesco Totti,MF,,,,,,,,,
157,Andrea Pirlo,MF,,,,,,,,,
158,Petr Cech,GK,,,,,,,,,
159,Eden Hazard,MF,,,,,,,,,
160,Edinson Cavani,FW,,,,,,,,,
161,Pierre-Emerick Aubameyang,FW,,,,,,,,,
162,Harry Kane,FW,,,,,,,,,
163,Michael Ballack,MF,,,,,,,,,
164,Berti Vogts,DF,,,,,,,,,
165,Robin van Persie,FW,,,,,,,,,
166,Mesut Ozil,MF,,,,,,,,,
167,Kylian Mbappe,FW,,,,,,,,,
168,Bastian Schweinsteiger,MF,,,,,,,,,
169,John Terry,DF,,,,,,,,,
170,Toni Kroos,MF,,,,,,,,,
171,Gareth Bale,MF,,,,,,,,,
172,Christian Vieri,FW,,,,,,,,,
173,Philipp Lahm,DF,,,,,,,,,
174,Peter Shilton,GK,,,,,,,,,
175,Ferenc Bene,FW,,,,,,,,,
176,Rudi Voller,FW,,,,,,,,,
177,Fabien Barthez,GK,,,,,,,,,
178,Bryan Robson,MF,,,,,,,,,
179,Johan Neeskens,MF,,,,,,,,,
180,Edwin van der Sar,GK,,,,,,,,,
181,Thibaut Courtois,GK,,,,,,,,,
182,Mario Gotze,MF,,,,,,,,,
183,Paul Pogba,MF,,,,,,,,,
184,Hugo Lloris,GK,,,,,,,,,
185,Radamel Falcao,FW,,,,,,,,,
186,Miroslav Klose,FW,,,,,,,,,
187,David Seaman,GK,,,,,,,,,
188,Sadio Mane,MF,,,,,,,,,
189,Jimmy Floyd Hasselbaink,FW,,,,,,,,,
190,Edin Dzeko,FW,,,,,,,,,
191,Andy Cole,FW,,,,,,,,,
192,David de Gea,GK,,,,,,,,,
193,Ian Wright,FW,,,,,,,,,
194,Neville Southall,GK,,,,,,,,,
195,Michael Essien,DF,,,,,,,,,
196,Diego Forlan,FW,,,,,,,,,
197,Arturo Vidal,MF,,,,,,,,,
198,Jan Ceulemans,MF,,,,,,,,,
199,Dimitar Berbatov,FW,,,,,,,,,
200,Wolfgang Overath,MF,,,,,,,,,
201,Dwight Yorke,FW,,,,,,,,,
202,Jamie Vardy,FW,,,,,,,,,
203,David Trezeguet,FW,,,,,,,,,
204,Sami Hyypia,DF,,,,,,,,,
205,Emmanuel Adebayor,FW,,,,,,,,,
206,Patrick Kluivert,FW,,,,,,,,,
207,John Barnes,MF,,,,,,,,,
208,Xabi Alonso,MF,,,,,,,,,
209,William Gallas,DF,,,,,,,,,
210,Grzegorz Lato,MF,,,,,,,,,
211,Diego,MF,,,,,,,,,
212,Joe Cole,MF,,,,,,,,,
213,Jens Lehmann,GK,,,,,,,,,
214,Fernando Hierro,DF,,,,,,,,,
215,Carlos Tevez,FW,,,,,,,,,
216,Robert Pires,FW,,,,,,,,,
217,Gianluca Vialli,FW,,,,,,,,,
218,Dimitri Payet,FW,,,,,,,,,
219,Thiago Silva,DF,,,,,,,,,
220,James Rodriguez,MF,,,,,,,,,
221,Roberto Firmino,FW,,,,,,,,,
222,Marcelo,DF,,,,,,,,,
223,Mats Hummels,DF,,,,,,,,,
224,Angel Di Maria,MF,,,,,,,,,
225,Roy Keane,MF,,,,,,,,,
226,Hernan Crespo,FW,,,,,,,,,
227,Mario Mandzukic,FW,,,,,,,,,
228,David Platt,MF,,,,,,,,,
229,Gianfranco Zola,FW,,,,,,,,,
230,Lukas Podolski,FW,,,,,,,,,
231,Mohamed Salah,FW,,,,,,,,,
232,Peter Beardsley,FW,,,,,,,,,
233,Tomas Brolin,FW,,,,,,,,,
234,Alexis Sanchez,FW,,,,,,,,,
235,Paul McGrath,DF,,,,,,,,,
236,Mario Balotelli,FW,,,,,,,,,
237,Philippe Coutinho,FW,,,,,,,,,
238,Tim Cahill,FW,,,,,,,,,
239,Emmanuel Petit,MF,,,,,,,,,
240,Park Ji-Sung,MF,,,,,,,,,
241,Florent Malouda,MF,,,,,,,,,
242,Rio Ferdinand,DF,,,,,,,,,
243,Paul Van Himst,FW,,,,,,,,,
244,Nemanja Vidic,DF,,,,,,,,,
245,Riyad Mahrez,MF,,,,,,,,,
246,Harry Kewell,MF,,,,,,,,,
247,Mark Hughes,FW,,,,,,,,,
248,Sol Campbell,DF,,,,,,,,,
249,Nwankwo Kanu,FW,,,,,,,,,
250,Kurt Hamrin,MF,,,,,,,,,
251,Tibor Nyilasi,MF,,,,,,,,,
252,Horst Szymaniak,MF,,,,,,,,,
253,Pirri,MF,,,,,,,,,
254,Marius Tresor,DF,,,,,,,,,
255,Andreas Moller,MF,,,,,,,,,
256,Tomas Rosicky,MF,,,,,,,,,
257,Claude Makelele,MF,,,,,,,,,
258,Thiago Alcantara,MF,,,,,,,,,
259,Rafael van der Vaart,MF,,,,,,,,,
260,Enzo Scifo,MF,,,,,,,,,
261,Hristo Bonev,MF,,,,,,,,,
262,Oleksandr Zavarov,MF,,,,,,,,,
263,Sepp Maier,GK,,,,,,,,,
264,Juan Alberto Schiaffino,MF,,,,,,,,,
265,Laurent Blanc,DF,,,,,,,,,
266,Michel Preud'homme,GK,,,,,,,,,
267,Dragan Stojkovic,MF,,,,,,,,,
268,Gyula Grosics,GK,,,,,,,,,
269,El Hadji Diouf,MF,,,,,,,,,
270,Yoann Gourcuff,MF,,,,,,,,,
271,Kolo Toure,DF,,,,,,,,,
272,Djibril Cisse,FW,,,,,,,,,
273,Ricardo Carvalho,DF,,,,,,,,,
274,David Ginola,MF,,,,,,,,,
275,Harald Schumacher,GK,,,,,,,,,
276,Henrik Larsson,FW,,,,,,,,,
277,Nani,FW,,,,,,,,,
278,Diego Costa,FW,,,,,,,,,
279,Gary Pallister,DF,,,,,,,,,
280,Asamoah Gyan,FW,,,,,,,,,
281,Gordon Strachan,MF,,,,,,,,,
282,Dean Saunders,FW,,,,,,,,,
283,Marc Overmars,MF,,,,,,,,,
284,Gerhard Hanappi,MF,,,,,,,,,
285,Mario Coluna,MF,,,,,,,,,
286,Valery Voronin,MF,,,,,,,,,
287,Youri Djorkaeff,MF,,,,,,,,,
288,Sylvain Wiltord,FW,,,,,,,,,
289,Frederic Kanoute,FW,,,,,,,,,
290,Sandor Kocsis,FW,,,,,,,,,
291,Ivan Rakitic,MF,,,,,,,,,
292,Ronnie Hellstrom,GK,,,,,,,,,
293,Wilfried Van Moer,MF,,,,,,,,,
294,Sandro Mazzola,FW,,,,,,,,,
295,Pat Jennings,GK,,,,,,,,,
296,Franco Causio,MF,,,,,,,,,
297,Rainer Bonhof,MF,,,,,,,,,
298,Bruno Pezzey,DF,,,,,,,,,
299,Ronald Koeman,DF,,,,,,,,,
300,Juninho,MF,,,,,,,,,
301,Philippe Albert,DF,,,,,,,,,
302,Jean-Marie Pfaff,GK,,,,,,,,,
303,Brian Laudrup,FW,,,,,,,,,
304,Luca Toni,FW,,,,,,,,,
305,Roberto Bettega,FW,,,,,,,,,
306,Andrey Arshavin,MF,,,,,,,,,
307,Lajos Tichy,FW,,,,,,,,,
308,Juan Sebastian Veron,MF,,,,,,,,,
309,Geoff Hurst,FW,,,,,,,,,
310,Alessandro Altobelli,FW,,,,,,,,,
311,Oliver Bierhoff,FW,,,,,,,,,
312,Pauleta,FW,,,,,,,,,
313,Virgil van Dijk,DF,,,,,,,,,
314,Luis Enrique,MF,,,,,,,,,
315,Wesley Sneijder,MF,,,,,,,,,
316,Milan Baros,FW,,,,,,,,,
317,Dani Alves,DF,,,,,,,,,
318,Papa Bouba Diop,DF,,,,,,,,,
319,Christian Ziege,DF,,,,,,,,,
320,Ludovic Giuly,MF,,,,,,,,,
321,Cris,DF,,,,,,,,,
322,Diego Godin,DF,,,,,,,,,
323,Fernando Morientes,FW,,,,,,,,,
324,Gaizka Mendieta,MF,,,,,,,,,
325,Jamie Carragher,DF,,,,,,,,,
326,Ivan Kolev,FW,,,,,,,,,
327,Albert Shesternyov,DF,,,,,,,,,
328,Alan Ball,MF,,,,,,,,,
329,Ove Kindvall,FW,,,,,,,,,
330,Wlodzimierz Lubanski,FW,,,,,,,,,
331,Giancarlo Antognoni,MF,,,,,,,,,
332,Liam Brady,MF,,,,,,,,,
333,Glenn Hysen,DF,,,,,,,,,
334,Clarence Seedorf,MF,,,,,,,,,
335,Alessandro Nesta,DF,,,,,,,,,
336,Chris Waddle,FW,,,,,,,,,
337,Adriano,FW,,,,,,,,,
338,Danny Blanchflower,MF,,,,,,,,,
339,John Wark,MF,,,,,,,,,
340,Raphael Varane,DF,,,,,,,,,
341,Robinho,FW,,,,,,,,,
342,Helmut Haller,FW,,,,,,,,,
343,Gonzalo Higuain,FW,,,,,,,,,
344,Ralf Edstrom,FW,,,,,,,,,
345,Michel,MF,,,,,,,,,
346,Jose Altafini,FW,,,,,,,,,
347,Georgi Asparuhov,FW,,,,,,,,,
348,Graeme Souness,MF,,,,,,,,,
349,Hansi Muller,MF,,,,,,,,,
350,Soren Lerby,MF,,,,,,,,,
351,Stephane Chapuisat,FW,,,,,,,,,
352,Rui Costa,MF,,,,,,,,,
353,Filippo Inzaghi,FW,,,,,,,,,
354,Luis Garcia,MF,,,,,,,,,
355,Jozsef Bozsik,MF,,,,,,,,,
356,Manuel Amoros,DF,,,,,,,,,
357,Gianluca Zambrotta,DF,,,,,,,,,
358,Carles Puyol,DF,,,,,,,,,
359,Alisson,GK,,,,,,,,,
360,Fabrizio Ravanelli,FW,,,,,,,,,
361,Jan Tomaszewski,GK,,,,,,,,,
362,Bebeto,FW,,,,,,,,,
363,Igor Chislenko,FW,,,,,,,,,
364,Walter Schachner,FW,,,,,,,,,
365,Pierre Littbarski,MF,,,,,,,,,
366,Robert Prosinecki,MF,,,,,,,,,
367,Julio Cesar Soares,GK,,,,,,,,,
368,Erwin Vandenbergh,FW,,,,,,,,,
369,Daniel Passarella,DF,,,,,,,,,
370,Rui Patricio,GK,,,,,,,,,
371,Jose Antonio Reyes,MF,,,,,,,,,
372,Des Walker,DF,,,,,,,,,
373,Maniche,MF,,,,,,,,,
374,Junichi Inamoto,MF,,,,,,,,,
375,Mark Hateley,FW,,,,,,,,,
376,Dominique Rocheteau,MF,,,,,,,,,
377,Julio Salinas,FW,,,,,,,,,
378,Dries Mertens,FW,,,,,,,,,
379,Eduard Streltsov,FW,,,,,,,,,
380,Jef Jurion,MF,,,,,,,,,
381,Dragoslav Sekularac,MF,,,,,,,,,
382,Andrej Kvasnak,MF,,,,,,,,,
383,Janos Gorocs,MF,,,,,,,,,
384,Louis Pilot,MF,,,,,,,,,
385,Mario Corso,MF,,,,,,,,,
386,Billy Bremner,MF,,,,,,,,,
387,Trevor Brooking,MF,,,,,,,,,
388,Dudu Georgescu,FW,,,,,,,,,
389,Zdenek Nehoda,FW,,,,,,,,,
390,Morten Olsen,MF,,,,,,,,,
391,Joao Resende Alves,MF,,,,,,,,,
392,Oleksiy Mykhaylychenko,MF,,,,,,,,,
393,Stefan Effenberg,MF,,,,,,,,,
394,Roy Makaay,FW,,,,,,,,,
395,Juan Roman Riquelme,MF,,,,,,,,,
396,Martin Dahlin,FW,,,,,,,,,
397,Jan Oblak,GK,,,,,,,,,
398,Krasimir Balakov,MF,,,,,,,,,
399,Gennaro Gattuso,MF,,,,,,,,,
400,Didier Deschamps,MF,,,,,,,,,
401,Gregory Coupet,GK,,,,,,,,,
402,Jon Dahl Tomasson,FW,,,,,,,,,
403,Paulo Dybala,FW,,,,,,,,,
404,Isco,MF,,,,,,,,,
405,Walter Zenga,GK,,,,,,,,,
406,Agne Simonsson,FW,,,,,,,,,
407,Jose Augusto,MF,,,,,,,,,
408,Jose Augusto Torres,FW,,,,,,,,,
409,Milan Galic,FW,,,,,,,,,
410,Jesper Olsen,MF,,,,,,,,,
411,Nils Liedholm,MF,,,,,,,,,
412,Jurgen Croy,GK,,,,,,,,,
413,Antonin Panenka,MF,,,,,,,,,
414,Trevor Francis,FW,,,,,,,,,
415,Dieter Muller,FW,,,,,,,,,
416,Klaus Allofs,FW,,,,,,,,,
417,Ronald de Boer,MF,,,,,,,,,
418,Karoly Sandor,MF,,,,,,,,,
419,Josip Skoblar,FW,,,,,,,,,
420,Janos Farkas,FW,,,,,,,,,
421,Angelo Domenghini,FW,,,,,,,,,
422,Branko Oblak,MF,,,,,,,,,
423,Juan Manuel Asensi,MF,,,,,,,,,
424,Rene van de Kerkhof,FW,,,,,,,,,
425,Horst Hrubesch,FW,,,,,,,,,
426,Luis Arconada,GK,,,,,,,,,
427,Vladimir Petrovic,MF,,,,,,,,,
428,Bruno Conti,MF,,,,,,,,,
429,Maxime Bossis,DF,,,,,,,,,
430,Safet Susic,MF,,,,,,,,,
431,Luis Fernandez,MF,,,,,,,,,
432,Bixente Lizarazu,DF,,,,,,,,,
433,Claudio Lopez,FW,,,,,,,,,
434,Viliam Schrojf,GK,,,,,,,,,
435,Ernst Ocwirk,MF,,,,,,,,,
436,Hasan Sas,MF,,,,,,,,,
437,Alen Boksic,FW,,,,,,,,,
438,Gunnar Gren,FW,,,,,,,,,
439,Harry Gregg,GK,,,,,,,,,
440,Roberto Ayala,DF,,,,,,,,,
441,Tony Yeboah,FW,,,,,,,,,
442,Karl-Heinz Riedle,FW,,,,,,,,,
443,Javier Mascherano,DF,,,,,,,,,
444,Uli Hoeness,FW,,,,,,,,,
445,Tiago Mendes,MF,,,,,,,,,
446,Johnny Rep,MF,,,,,,,,,
447,Jozef Mlynarczyk,GK,,,,,,,,,
448,Valentin Ivanov,MF,,,,,,,,,
449,Gianluca Pagliuca,GK,,,,,,,,,
450,Marc Wilmots,MF,,,,,,,,,
451,Socrates,MF,,,,,,,,,
452,Packie Bonner,GK,,,,,,,,,
453,Gerard Pique,DF,,,,,,,,,
454,Martin Peters,MF,,,,,,,,,
455,Wlodzimierz Smolarek,FW,,,,,,,,,
456,Glenn Hoddle,MF,,,,,,,,,
457,Rai,MF,,,,,,,,,
458,Adrian Mutu,MF,,,,,,,,,
459,Jose Aguas,FW,,,,,,,,,
460,Jack Charlton,DF,,,,,,,,,
461,Ladislav Novak,DF,,,,,,,,,
462,Luis del Sol,MF,,,,,,,,,
463,Slava Metreveli,FW,,,,,,,,,
464,Horst Nemec,FW,,,,,,,,,
465,Franny Lee,FW,,,,,,,,,
466,Mimis Domazos,MF,,,,,,,,,
467,Nestor Combin,FW,,,,,,,,,
468,Willi Schulz,DF,,,,,,,,,
469,Yevgeniy Rudakov,GK,,,,,,,,,
470,Antal Dunai,FW,,,,,,,,,
471,Murtaz Khurtsilava,DF,,,,,,,,,
472,Piet Keizer,MF,,,,,,,,,
473,Tommy Gemmell,DF,,,,,,,,,
474,Terry Cooper,DF,,,,,,,,,
475,Jupp Heynckes,FW,,,,,,,,,
476,Hans-Jurgen Kreische,FW,,,,,,,,,
477,Ruud Geels,FW,,,,,,,,,
478,Jean-Marc Guillou,MF,,,,,,,,,
479,Barry Hulshoff,DF,,,,,,,,,
480,Gordon McQueen,DF,,,,,,,,,
481,Marian Masny,FW,,,,,,,,,
482,Eric Gerets,DF,,,,,,,,,
483,Manfred Kaltz,DF,,,,,,,,,
484,Torbjorn Nilsson,FW,,,,,,,,,
485,Gerard Janvion,DF,,,,,,,,,
486,Herbert Prohaska,MF,,,,,,,,,
487,Uli Stielike,MF,,,,,,,,,
488,Dominique Bathenay,MF,,,,,,,,,
489,Andras Toroczik,FW,,,,,,,,,
490,Fernando Gomes,FW,,,,,,,,,
491,Ladislav Vizek,FW,,,,,,,,,
492,Hans-Peter Briegel,DF,,,,,,,,,
493,Dimitris Saravakos,MF,,,,,,,,,
494,Anatoliy Demyanenko,DF,,,,,,,,,
495,Guido Buchwald,DF,,,,,,,,,
496,Oleh Kuznetsov,DF,,,,,,,,,
497,Roberto Mancini,FW,,,,,,,,,
498,Rune Bratseth,DF,,,,,,,,,
499,Flemming Povlsen,FW,,,,,,,,,
500,Giuseppe Signori,FW,,,,,,,,,
501,Thomas Hassler,MF,,,,,,,,,
502,Zvonimir Boban,MF,,,,,,,,,
503,Sonny Anderson,FW,,,,,,,,,
504,Paulo Sousa,MF,,,,,,,,,
505,Zlatko Zahovic,MF,,,,,,,,,
506,Francesco Toldo,GK,,,,,,,,,
507,Giovane Elber,FW,,,,,,,,,
508,Mario Jardel,FW,,,,,,,,,
509,Ruben Baraja,MF,,,,,,,,,
510,Emerson (1976),MF,,,,,,,,,
511,Pablo Aimar,MF,,,,,,,,,
512,Maicon Sisenando,DF,,,,,,,,,
513,Laszlo Kubala,FW,,,,,,,,,
514,Jim Baxter,MF,,,,,,,,,
515,Pierre van Hooijdonk,FW,,,,,,,,,
516,Finidi George,MF,,,,,,,,,
517,Ricardo Zamora,GK,,,,,,,,,
518,Jose Nasazzi,DF,,,,,,,,,
519,Jose Santamaria,DF,,,,,,,,,
520,Cesare Maldini,DF,,,,,,,,,
521,Seol Ki-Hyeon,MF,,,,,,,,,
522,Hidetoshi Nakata,MF,,,,,,,,,
523,Koke,MF,,,,,,,,,
524,Mahamadou Diarra,MF,,,,,,,,,
525,Karel Poborsky,MF,,,,,,,,,
526,Max Morlock,FW,,,,,,,,,
527,Viv Anderson,DF,,,,,,,,,
528,Kennet Andersson,FW,,,,,,,,,
529,Anatoliy Byshovets,FW,,,,,,,,,
530,Marcelo Salas,FW,,,,,,,,,
531,Roger Piantoni,FW,,,,,,,,,
532,Jose Luis Caminero,MF,,,,,,,,,
533,Luis Fabiano,FW,,,,,,,,,
534,Leonardo Bonucci,DF,,,,,,,,,
535,Theodoros Zagorakis,MF,,,,,,,,,
536,Antoni Ramallets,GK,,,,,,,,,
537,Ivor Allchurch,FW,,,,,,,,,
538,Viktor Ponedelnik,FW,,,,,,,,,
539,Archie Gemmill,MF,,,,,,,,,
540,Florea Dumitrache,FW,,,,,,,,,
541,Heinz Flohe,MF,,,,,,,,,
542,Roland Sandberg,FW,,,,,,,,,
543,Klaus Fischer,FW,,,,,,,,,
544,Arie Haan,MF,,,,,,,,,
545,Joachim Streich,FW,,,,,,,,,
546,Silviu Lung,GK,,,,,,,,,
547,Didier Six,MF,,,,,,,,,
548,Marco Tardelli,MF,,,,,,,,,
549,Andreas Kopke,GK,,,,,,,,,
550,Yordan Letchkov,MF,,,,,,,,,
551,Dino Baggio,MF,,,,,,,,,
552,John Jensen,MF,,,,,,,,,
553,Cafu,DF,,,,,,,,,
554,Charles Antenen,FW,,,,,,,,,
555,Giampiero Boniperti,FW,,,,,,,,,
556,Lennart Skoglund,MF,,,,,,,,,
557,Colin McDonald,GK,,,,,,,,,
558,Georgi Naydenov,GK,,,,,,,,,
559,Karl Koller,MF,,,,,,,,,
560,Milos Milutinovic,MF,,,,,,,,,
561,Joaquin Peiro,MF,,,,,,,,,
562,Erno Solymosi,MF,,,,,,,,,
563,Peter Lorimer,MF,,,,,,,,,
564,Sigfried Held,MF,,,,,,,,,
565,Josip Katalinski,DF,,,,,,,,,
566,Jurgen Grabowski,FW,,,,,,,,,
567,Jurgen Sparwasser,MF,,,,,,,,,
568,Manuel Bento,GK,,,,,,,,,
569,Jerzy Gorgon,DF,,,,,,,,,
570,Vladislav Bogicevic,MF,,,,,,,,,
571,Francesco Graziani,FW,,,,,,,,,
572,Willy van de Kerkhof,MF,,,,,,,,,
573,Ramaz Shengelia,FW,,,,,,,,,
574,Aleksandre Chivadze,DF,,,,,,,,,
575,Steve Archibald,FW,,,,,,,,,
576,Carlos Manuel Santos,MF,,,,,,,,,
577,Frankie Vercauteren,MF,,,,,,,,,
578,Thomas Ravelli,GK,,,,,,,,,
579,Enzo Francescoli,MF,,,,,,,,,
580,Lajos Detari,MF,,,,,,,,,
581,Carlos Valderrama,MF,,,,,,,,,
582,Oleg Protassov,FW,,,,,,,,,
583,Pavlo Yakovenko,MF,,,,,,,,,
584,Georges Grun,DF,,,,,,,,,
585,Norman Whiteside,MF,,,,,,,,,
586,Toni Polster,FW,,,,,,,,,
587,Txiki Begiristain,MF,,,,,,,,,
588,Emil Kostadinov,FW,,,,,,,,,
589,Andreas Herzog,MF,,,,,,,,,
590,Sinisa Mihajlovic,DF,,,,,,,,,
591,Hakan Sukur,FW,,,,,,,,,
592,Pep Guardiola,MF,,,,,,,,,
593,Vitor Baia,GK,,,,,,,,,
594,Victor Ikpeba,FW,,,,,,,,,
595,Bernd Schneider,MF,,,,,,,,,
596,Ebbe Sand,FW,,,,,,,,,
597,Edmilson,MF,,,,,,,,,
598,Jan Koller,FW,,,,,,,,,
599,Juan Carlos Valeron,MF,,,,,,,,,
600,Emmanuel Olisadebe,FW,,,,,,,,,
601,Fabio Grosso,DF,,,,,,,,,
602,Edison Mendez,MF,,,,,,,,,
603,Shunsuke Nakamura,MF,,,,,,,,,
604,Javier Saviola,FW,,,,,,,,,
605,Ricardo Quaresma,MF,,,,,,,,,
606,Mark van Bommel,MF,,,,,,,,,
607,Eric Abidal,DF,,,,,,,,,
608,Jaap Stam,DF,,,,,,,,,
609,Vicente Rodriguez,MF,,,,,,,,,
610,Dixie Dean,FW,,,,,,,,,
611,Stefan Bozhkov,MF,,,,,,,,,
612,Kees Rijvers,MF,,,,,,,,,
613,Roger Marche,DF,,,,,,,,,
614,Robert Jonquet,DF,,,,,,,,,
615,Vujadin Boskov,MF,,,,,,,,,
616,Bengt Gustavsson,DF,,,,,,,,,
617,Campanal II,DF,,,,,,,,,
618,Joseph Ujlaki,FW,,,,,,,,,
619,Svatopluk Pluskal,DF,,,,,,,,,
620,Thadee Cisowski,FW,,,,,,,,,
621,Ake Johansson,DF,,,,,,,,,
622,Karl Stotz,DF,,,,,,,,,
623,Orvar Bergmark,DF,,,,,,,,,
624,Igor Netto,MF,,,,,,,,,
625,Jimmy McIlroy,FW,,,,,,,,,
626,Joan Segarra,DF,,,,,,,,,
627,Tommy Taylor,FW,,,,,,,,,
628,Yuriy Voynov,MF,,,,,,,,,
629,Bobby Smith,FW,,,,,,,,,
630,Dezso Bundzsak,FW,,,,,,,,,
631,Dumitru Macri,DF,,,,,,,,,
632,Julio Botelho,FW,,,,,,,,,
633,Manfred Kaiser,MF,,,,,,,,,
634,Alberto Costa Pereira,GK,,,,,,,,,
635,Andre Lerond,DF,,,,,,,,,
636,Blagoje Vidinic,GK,,,,,,,,,
637,Borivoje Kostic,FW,,,,,,,,,
638,Germano de Figueiredo,DF,,,,,,,,,
639,Norbert Eschmann,MF,,,,,,,,,
640,Bretislav Dolejsi,GK,,,,,,,,,
641,Erich Hof,FW,,,,,,,,,
642,Pierre Bernard,GK,,,,,,,,,
643,Rudolf Kucera,FW,,,,,,,,,
644,Lucien Muller,MF,,,,,,,,,
645,Miguel Montuori,MF,,,,,,,,,
646,Pepillo II,FW,,,,,,,,,
647,Titus Bubernik,MF,,,,,,,,,
648,Coen Moulijn,FW,,,,,,,,,
649,Jozef Adamec,FW,,,,,,,,,
650,Metin Oktay,FW,,,,,,,,,
651,Mikheil Meskhi,MF,,,,,,,,,
652,Ole Madsen,FW,,,,,,,,,
653,Antonio Angelillo,FW,,,,,,,,,
654,Ezio Pascutti,FW,,,,,,,,,
655,Bruno Nicole,FW,,,,,,,,,
656,Harry Bild,FW,,,,,,,,,
657,Nikola Kotkov,FW,,,,,,,,,
658,Zygfryd Szołtysik,MF,,,,,,,,,
659,Gernot Fraydl,GK,,,,,,,,,
660,Johnny Giles,MF,,,,,,,,,
661,Ken Jones,GK,,,,,,,,,
662,Robert Herbin,DF,,,,,,,,,
663,Angelo Sormani,FW,,,,,,,,,
664,Giorgos Sideris,FW,,,,,,,,,
665,Jean Djorkaeff,DF,,,,,,,,,
666,Mirsad Fazlagic,DF,,,,,,,,,
667,Tony Dunne,DF,,,,,,,,,
668,Zvezdan Cebinac,MF,,,,,,,,,
669,Francis Lee,FW,,,,,,,,,
670,Giovanni Trapattoni,DF,,,,,,,,,
671,Ivica Osim,MF,,,,,,,,,
672,Jean Nicolay,GK,,,,,,,,,
673,Gert Dorfel,FW,,,,,,,,,
674,Gilbert Gress,MF,,,,,,,,,
675,Ivan Curkovic,GK,,,,,,,,,
676,Klaus Urbanczyk,DF,,,,,,,,,
677,Jakob Kuhn,MF,,,,,,,,,
678,John Greig,DF,,,,,,,,,
679,Philippe Gondet,FW,,,,,,,,,
680,Franz Hasil,MF,,,,,,,,,
681,Jorn Bjerregaard,FW,,,,,,,,,
682,Manuel Velazquez,MF,,,,,,,,,
683,Martin Chivers,FW,,,,,,,,,
684,Petar Zhekov,FW,,,,,,,,,
685,Rinus Israel,DF,,,,,,,,,
686,Willem van Hanegem,MF,,,,,,,,,
687,Gerrie Muhren,MF,,,,,,,,,
688,Emlyn Hughes,DF,,,,,,,,,
689,Giorgio Chinaglia,FW,,,,,,,,,
690,Pedro de Felipe,DF,,,,,,,,,
691,Carles Rexach,MF,,,,,,,,,
692,Jan Pivarnik,DF,,,,,,,,,
693,Jaroslav Pollak,MF,,,,,,,,,
694,Pierino Prati,FW,,,,,,,,,
695,Robert Gadocha,MF,,,,,,,,,
696,Vladimir Muntyan,MF,,,,,,,,,
697,Colin Todd,DF,,,,,,,,,
698,Cornel Dinu,DF,,,,,,,,,
699,Anders Linderoth,MF,,,,,,,,,
700,David Kipiani,MF,,,,,,,,,
701,Ray Kennedy,MF,,,,,,,,,
702,Benny Wendt,FW,,,,,,,,,
703,Costica Stefanescu,DF,,,,,,,,,
704,Don Givens,FW,,,,,,,,,
705,Terry McDermott,MF,,,,,,,,,
706,Anton Ondrus,DF,,,,,,,,,
707,Frans Thijssen,MF,,,,,,,,,
708,Kees Kist,FW,,,,,,,,,
709,Santillana,FW,,,,,,,,,
710,Steve Heighway,MF,,,,,,,,,
711,Antonio Oliveira,MF,,,,,,,,,
712,Francois Van Der Elst,MF,,,,,,,,,
713,Leonid Buryak,MF,,,,,,,,,
714,Rui Jordao,FW,,,,,,,,,
715,Vahid Halilhodzic,FW,,,,,,,,,
716,Ali Kemal Denizci,FW,,,,,,,,,
717,Felix Magath,MF,,,,,,,,,
718,Gaetano Scirea,DF,,,,,,,,,
719,Marcel Raducanu,MF,,,,,,,,,
720,Vasilis Hatzipanagis,MF,,,,,,,,,
721,Jesus Zamora,MF,,,,,,,,,
722,Tony Woodcock,FW,,,,,,,,,
723,Antonio Maceda,DF,,,,,,,,,
724,Frank Stapleton,FW,,,,,,,,,
725,Rodion Camataru,FW,,,,,,,,,
726,Frank Arnesen,MF,,,,,,,,,
727,Rafael Gordillo,DF,,,,,,,,,
728,Fernando Chalana,MF,,,,,,,,,
729,Georgi Dimitrov,DF,,,,,,,,,
730,Simon Tahamata,MF,,,,,,,,,
731,Stoicho Mladenov,FW,,,,,,,,,
732,Zlatko Vujovic,FW,,,,,,,,,
733,Fedor Cherenkov,MF,,,,,,,,,
734,Heinz Hermann,MF,,,,,,,,,
735,Helmuth Duckadam,GK,,,,,,,,,
736,Karl-Heinz Forster,DF,,,,,,,,,
737,Ally McCoist,FW,,,,,,,,,
738,Robby Langers,FW,,,,,,,,,
739,Stelios Manolas,DF,,,,,,,,,
740,Guy Hellers,MF,,,,,,,,,
741,John Sivebaek,DF,,,,,,,,,
742,Theo Snelders,GK,,,,,,,,,
743,Bruno Martini,GK,,,,,,,,,
744,Otto Konrad,GK,,,,,,,,,
745,Paul McStay,MF,,,,,,,,,
746,Sokol Kushta,FW,,,,,,,,,
747,Gary Stevens,DF,,,,,,,,,
748,Henrik Andersen,DF,,,,,,,,,
749,Miodrag Belodedici,DF,,,,,,,,,
750,Tanju Colak,FW,,,,,,,,,
751,Andreas Thom,FW,,,,,,,,,
752,Basile Boli,DF,,,,,,,,,
753,Franck Sauzee,MF,,,,,,,,,
754,Henrik Larsen,MF,,,,,,,,,
755,Ivan Zamorano,FW,,,,,,,,,
756,Jurgen Kohler,DF,,,,,,,,,
757,Olaf Thon,MF,,,,,,,,,
758,Rafael Martin Vazquez,MF,,,,,,,,,
759,Thomas Doll,MF,,,,,,,,,
760,Trifon Ivanov,DF,,,,,,,,,
761,Ciro Ferrara,DF,,,,,,,,,
762,Fernando Redondo,MF,,,,,,,,,
763,Angelo Peruzzi,GK,,,,,,,,,
764,Kubilay Turkyilmaz,FW,,,,,,,,,
765,Antonios Nikopolidis,GK,,,,,,,,,
766,Bent Skammelsrud,MF,,,,,,,,,
767,Mario Basler,MF,,,,,,,,,
768,Sergei Kiriakov,FW,,,,,,,,,
769,Ciriaco Sforza,MF,,,,,,,,,
770,Juan Esnaider,FW,,,,,,,,,
771,Michalis Kapsis,DF,,,,,,,,,
772,Nikos Machlas,FW,,,,,,,,,
773,Radek Bejbl,MF,,,,,,,,,
774,Rogerio Ceni,GK,,,,,,,,,
775,Sergi Barjuan,DF,,,,,,,,,
776,Patrick Berger,MF,,,,,,,,,
777,Johan Micoud,MF,,,,,,,,,
778,Ailton Goncalves,FW,,,,,,,,,
779,Damiano Tommasi,MF,,,,,,,,,
780,Samuel Kuffour,DF,,,,,,,,,
781,Traianos Dellas,DF,,,,,,,,,
782,Ivan Helguera,DF,,,,,,,,,
783,Mauro Camoranesi,MF,,,,,,,,,
784,Willy Sagnol,DF,,,,,,,,,
785,Cristian Chivu,DF,,,,,,,,,
786,Mista,FW,,,,,,,,,
787,Yildiray Basturk,MF,,,,,,,,,
788,Lucio,DF,,,,,,,,,
789,Marcos Senna,MF,,,,,,,,,
790,Nihat Kahveci,FW,,,,,,,,,
791,Giourkas Seitaridis,DF,,,,,,,,,
792,Younis Mahmoud,FW,,,,,,,,,
793,Lajos Szucs,DF,,,,,,,,,
794,Sergio Busquets,MF,,,,,,,,,
795,Hatem Trabelsi,DF,,,,,,,,,
796,Darko Kovacevic,FW,,,,,,,,,
797,Angelos Charisteas,FW,,,,,,,,,
798,Michel Salgado,DF,,,,,,,,,
799,Yuri Zhirkov,DF,,,,,,,,,
800,Peter Reid,MF,,,,,,,,,
801,David O'Leary,DF,,,,,,,,,
802,Vincent Candela,DF,,,,,,,,,
803,Dion Dublin,MF,,,,,,,,,
804,Ashley Young,DF,,,,,,,,,
805,Pepe Reina,GK,,,,,,,,,
806,Gylfi Sigurdsson,MF,,,,,,,,,
807,Kevin Nolan,MF,,,,,,,,,
808,Romelu Lukaku,FW,,,,,,,,,
809,Gary Speed,MF,,,,,,,,,
810,Alexandre Lacazette,FW,,,,,,,,,
811,David Unsworth,DF,,,,,,,,,
812,Stephane Ruffier,GK,,,,,,,,,
813,Joe Hart,GK,,,,,,,,,
814,Nicolas Anelka,FW,,,,,,,,,
815,David Silva,MF,,,,,,,,,
816,Nigel Martyn,GK,,,,,,,,,
817,Les Ferdinand,FW,,,,,,,,,
818,Robbie Fowler,FW,,,,,,,,,
819,Marco Reus,FW,,,,,,,,,
820,Leighton Baines,DF,,,,,,,,,
821,Olivier Giroud,FW,,,,,,,,,
822,Brad Friedel,GK,,,,,,,,,
823,David James,GK,,,,,,,,,
824,Gonzalo Castro,DF,,,,,,,,,
825,Nolberto Solano,MF,,,,,,,,,
826,Bafetimbi Gomis,FW,,,,,,,,,
827,Gus Poyet,MF,,,,,,,,,
828,Tim Howard,GK,,,,,,,,,
829,Dirk Kuyt,FW,,,,,,,,,
830,Bernd Leno,GK,,,,,,,,,
831,Mark Schwarzer,GK,,,,,,,,,
832,Danny Murphy,MF,,,,,,,,,
833,James Milner,MF,,,,,,,,,
834,Robbie Keane,FW,,,,,,,,,
835,Gary McAllister,MF,,,,,,,,,
836,Oliver Baumann,GK,,,,,,,,,
837,Edgar Davids,MF,,,,,,,,,
838,Dan Petrescu,DF,,,,,,,,,
839,Darren Bent,FW,,,,,,,,,
840,Anthony Lopes,GK,,,,,,,,,
841,Nicky Butt,DF,,,,,,,,,
842,Steed Malbranque,MF,,,,,,,,,
843,Yakubu Aiyegbeni,FW,,,,,,,,,
844,Ian Harte,DF,,,,,,,,,
845,Trevor Sinclair,MF,,,,,,,,,
846,Gareth Barry,MF,,,,,,,,,
847,Mario Gomez,FW,,,,,,,,,
848,Steve Mandanda,GK,,,,,,,,,
849,Lee Bowyer,MF,,,,,,,,,
850,Christian Gentner,MF,,,,,,,,,
851,Raheem Sterling,MF,,,,,,,,,
852,Salomon Kalou,FW,,,,,,,,,
853,Teddy Sheringham,FW,,,,,,,,,
854,Lars Stindl,MF,,,,,,,,,
855,Branislav Ivanovic,DF,,,,,,,,,
856,Daniel Caligiuri,MF,,,,,,,,,
857,Antonio Valencia,DF,,,,,,,,,
858,Thomas Sorensen,GK,,,,,,,,,
859,Son Heung-Min,FW,,,,,,,,,
860,Andre Ayew,MF,,,,,,,,,
861,Chris Sutton,MF,,,,,,,,,
862,Gary Cahill,DF,,,,,,,,,
863,Naldo (1982),DF,,,,,,,,,
864,Ole Gunnar Solskjaer,FW,,,,,,,,,
865,Sejad Salihovic,DF,,,,,,,,,
866,Mikel Arteta,MF,,,,,,,,,
867,Aaron Ramsey,MF,,,,,,,,,
868,Theodor Gebre Selassie,DF,,,,,,,,,
869,Cedric Carrasso,GK,,,,,,,,,
870,Nolan Roux,FW,,,,,,,,,
871,Mathieu Debuchy,DF,,,,,,,,,
872,Robbie Earle,MF,,,,,,,,,
873,Anthony Modeste,FW,,,,,,,,,
874,Mark Viduka,FW,,,,,,,,,
875,David Alaba,DF,,,,,,,,,
876,Loic Remy,FW,,,,,,,,,
877,Steve Watson,DF,,,,,,,,,
878,Charles N'Zogbia,DF,,,,,,,,,
879,Stefan Kiessling,FW,,,,,,,,,
880,Klaas-Jan Huntelaar,FW,,,,,,,,,
881,Emile Heskey,FW,,,,,,,,,
882,Kieran Richardson,DF,,,,,,,,,
883,Javier Hernandez,FW,,,,,,,,,
884,Tim Flowers,GK,,,,,,,,,
885,Jimmy Briand,FW,,,,,,,,,
886,Max Kruse,FW,,,,,,,,,
887,Shay Given,GK,,,,,,,,,
888,Leon Osman,MF,,,,,,,,,
889,Muzzy Izzet,MF,,,,,,,,,
890,Nils Petersen,FW,,,,,,,,,
891,Xherdan Shaqiri,MF,,,,,,,,,
892,Joel Matip,DF,,,,,,,,,
893,Kevin Trapp,GK,,,,,,,,,
894,Simon Mignolet,GK,,,,,,,,,
895,Paul Robinson (GK),GK,,,,,,,,,
896,Julien Feret,MF,,,,,,,,,
897,Danijel Subasic,GK,,,,,,,,,
898,Steve McManaman,MF,,,,,,,,,
899,Kevin Volland,FW,,,,,,,,,
900,Laurent Koscielny,DF,,,,,,,,,
901,Raffael,FW,,,,,,,,,
902,Matt Le Tissier,FW,,,,,,,,,
903,Claudio Pizarro,FW,,,,,,,,,
904,Peter Crouch,FW,,,,,,,,,
905,Jussi Jaaskelainen,GK,,,,,,,,,
906,Marouane Fellaini,MF,,,,,,,,,
907,Mevlut Erdinc,FW,,,,,,,,,
908,Geoffrey Jourdren,GK,,,,,,,,,
909,Ron-Robert Zieler,GK,,,,,,,,,
910,Patrik Berger,MF,,,,,,,,,
911,David Ospina,GK,,,,,,,,,
912,Remy Cabella,MF,,,,,,,,,
913,Kasper Schmeichel,GK,,,,,,,,,
914,Paul Ince,MF,,,,,,,,,
915,Gabby Agbonlahor,FW,,,,,,,,,
916,James Beattie,FW,,,,,,,,,
917,Jermaine Jenas,MF,,,,,,,,,
918,Cheick Diabate,FW,,,,,,,,,
919,Ugo Ehiogu,DF,,,,,,,,,
920,Mark Noble,MF,,,,,,,,,
921,Wahbi Khazri,FW,,,,,,,,,
922,Aleksandar Kolarov,DF,,,,,,,,,
923,Benoit Costil,GK,,,,,,,,,
924,Kevin Phillips,FW,,,,,,,,,
925,Yohan Cabaye,MF,,,,,,,,,
926,Denis Irwin,DF,,,,,,,,,
927,Ben Foster,GK,,,,,,,,,
928,Rildo,DF,,,,,,,,,
929,Tim Sherwood,MF,,,,,,,,,
930,Darren Anderton,MF,,,,,,,,,
931,Ryad Boudebouz,MF,,,,,,,,,
932,Clint Dempsey,FW,,,,,,,,,
933,Mark Bosnich,GK,,,,,,,,,
934,Andre Schurrle,FW,,,,,,,,,
935,Ilkay Gundogan,MF,,,,,,,,,
936,Lukasz Piszczek,DF,,,,,,,,,
937,Lukasz Fabianski,GK,,,,,,,,,
938,Ivan Perisic,MF,,,,,,,,,
939,Timo Werner,FW,,,,,,,,,
940,Ian Walker,GK,,,,,,,,,
941,Ralf Fahrmann,GK,,,,,,,,,
942,Daniel Sturridge,FW,,,,,,,,,
943,Yunus Malli,MF,,,,,,,,,
944,Dennis Wise,MF,,,,,,,,,
945,Tony Cottee,FW,,,,,,,,,
946,Rene Adler,GK,,,,,,,,,
947,Paolo Di Canio,FW,,,,,,,,,
948,Lewis Holtby,MF,,,,,,,,,
949,Simon Davies,MF,,,,,,,,,
950,Florian Thauvin,FW,,,,,,,,,
951,Willian,MF,,,,,,,,,
952,Neil Sullivan,GK,,,,,,,,,
953,Matthew Taylor,DF,,,,,,,,,
954,Seamus Coleman,DF,,,,,,,,,
955,Shinji Kagawa,FW,,,,,,,,,
956,Kevin Davies,FW,,,,,,,,,
957,Paulo Wanchope,FW,,,,,,,,,
958,Oyvind Leonhardsen,MF,,,,,,,,,
959,Joleon Lescott,DF,,,,,,,,,
960,Oscar Wendt,DF,,,,,,,,,
961,Alexander Meier,FW,,,,,,,,,
962,Shaka Hislop,GK,,,,,,,,,
963,Martin Harnik,FW,,,,,,,,,
964,Diego Benaglio,GK,,,,,,,,,
965,David Luiz,DF,,,,,,,,,
966,Paul Jones,GK,,,,,,,,,
967,Don Hutchison,MF,,,,,,,,,
968,Hermann Hreidarsson,DF,,,,,,,,,
969,Andrej Kramaric,FW,,,,,,,,,
970,Asmir Begovic,GK,,,,,,,,,
971,Koo Ja-Cheol,MF,,,,,,,,,
972,Adam Johnson,MF,,,,,,,,,
973,Papiss Cisse,FW,,,,,,,,,
974,David Dunn,MF,,,,,,,,,
975,Morgan Sanson,MF,,,,,,,,,
976,Gareth Southgate,DF,,,,,,,,,
977,Paul Scharner,DF,,,,,,,,,
978,Marcell Jansen,DF,,,,,,,,,
979,Louis Saha,FW,,,,,,,,,
980,Souleymane Camara,FW,,,,,,,,,
981,Kevin Kilbane,DF,,,,,,,,,
982,Andre Hahn,MF,,,,,,,,,
983,Boudewijn Zenden,MF,,,,,,,,,
984,Yossi Benayoun,MF,,,,,,,,,
985,Vincent Kompany,DF,,,,,,,,,
986,Craig Bellamy,FW,,,,,,,,,
987,Christian Benteke,FW,,,,,,,,,
988,Romain Hamouma,FW,,,,,,,,,
989,Ashley Cole,DF,,,,,,,,,
990,Glen Johnson,DF,,,,,,,,,
991,Marko Arnautovic,MF,,,,,,,,,
992,Ruel Fox,MF,,,,,,,,,
993,Ivica Olic,FW,,,,,,,,,
994,Julian Brandt,MF,,,,,,,,,
995,Robert Huth,DF,,,,,,,,,
996,Christophe Jallet,DF,,,,,,,,,
997,Jordan Henderson,MF,,,,,,,,,
998,Shinji Okazaki,FW,,,,,,,,,
999,Anthony Martial,FW,,,,,,,,,
1000,Craig Gardner,MF,,,,,,,,,
